{
  "0": {
    "id": {
      "s_addr": "131.202.244.3",
      "c_addr": "131.202.240.87",
      "s_port": 53,
      "c_port": 10622
    },
    "p_count": 2,
    "s2c_count": 1,
    "c2s_count": 1,
    "total_len": 628,
    "s2c_total_len": 553,
    "c2s_total_len": 75,
    "p_len": [
      75,
      553
    ],
    "s2c_len": [
      553
    ],
    "c2s_len": [
      75
    ],
    "Duration": 0.15301990509033203,
    "sess_t_inter": [
      0,
      0.15301990509033203
    ],
    "s2c_t_inter": [
      0
    ],
    "c2s_t_inter": [
      0
    ]
  },
  "1": {
    "id": {
      "s_addr": "203.23.237.200",
      "c_addr": "131.202.240.87",
      "s_port": 123,
      "c_port": 10623
    },
    "p_count": 2,
    "s2c_count": 1,
    "c2s_count": 1,
    "total_len": 180,
    "s2c_total_len": 90,
    "c2s_total_len": 90,
    "p_len": [
      90,
      90
    ],
    "s2c_len": [
      90
    ],
    "c2s_len": [
      90
    ],
    "Duration": 0.2779231071472168,
    "sess_t_inter": [
      0,
      0.2779231071472168
    ],
    "s2c_t_inter": [
      0
    ],
    "c2s_t_inter": [
      0
    ]
  },
  "2": {
    "id": {
      "s_addr": "131.202.240.87",
      "c_addr": "131.202.243.255",
      "s_port": 137,
      "c_port": 137
    },
    "p_count": 21,
    "s2c_count": 21,
    "c2s_count": 0,
    "total_len": 1932,
    "s2c_total_len": 1932,
    "c2s_total_len": 0,
    "p_len": [
      92,
      92,
      92,
      92,
      92,
      92,
      92,
      92,
      92,
      92,
      92,
      92,
      92,
      92,
      92,
      92,
      92,
      92,
      92,
      92,
      92
    ],
    "s2c_len": [
      92,
      92,
      92,
      92,
      92,
      92,
      92,
      92,
      92,
      92,
      92,
      92,
      92,
      92,
      92,
      92,
      92,
      92,
      92,
      92,
      92
    ],
    "c2s_len": [],
    "Duration": 135.20178198814392,
    "sess_t_inter": [
      0,
      0.7495300769805908,
      0.7508819103240967,
      10.796597003936768,
      0.749359130859375,
      0.7503209114074707,
      6.0869200229644775,
      0.7495951652526855,
      0.7505829334259033,
      53.823323011398315,
      0.7493629455566406,
      0.7521898746490479,
      5.817468166351318,
      0.7508718967437744,
      0.7503540515899658,
      45.26649498939514,
      0.7514140605926514,
      0.7524359226226807,
      2.902738094329834,
      0.7506580352783203,
      0.7506837844848633
    ],
    "s2c_t_inter": [
      0,
      0.7495300769805908,
      0.7508819103240967,
      10.796597003936768,
      0.749359130859375,
      0.7503209114074707,
      6.0869200229644775,
      0.7495951652526855,
      0.7505829334259033,
      53.823323011398315,
      0.7493629455566406,
      0.7521898746490479,
      5.817468166351318,
      0.7508718967437744,
      0.7503540515899658,
      45.26649498939514,
      0.7514140605926514,
      0.7524359226226807,
      2.902738094329834,
      0.7506580352783203,
      0.7506837844848633
    ],
    "c2s_t_inter": [
      0
    ]
  },
  "3": {
    "id": {
      "s_addr": "224.0.0.252",
      "c_addr": "131.202.240.87",
      "s_port": 5355,
      "c_port": 57423
    },
    "p_count": 2,
    "s2c_count": 0,
    "c2s_count": 2,
    "total_len": 128,
    "s2c_total_len": 0,
    "c2s_total_len": 128,
    "p_len": [
      64,
      64
    ],
    "s2c_len": [],
    "c2s_len": [
      64,
      64
    ],
    "Duration": 0.4124588966369629,
    "sess_t_inter": [
      0,
      0.4124588966369629
    ],
    "s2c_t_inter": [
      0
    ],
    "c2s_t_inter": [
      0,
      0.4124588966369629
    ]
  },
  "4": {
    "id": {
      "s_addr": "224.0.0.252",
      "c_addr": "131.202.240.87",
      "s_port": 5355,
      "c_port": 58080
    },
    "p_count": 2,
    "s2c_count": 0,
    "c2s_count": 2,
    "total_len": 128,
    "s2c_total_len": 0,
    "c2s_total_len": 128,
    "p_len": [
      64,
      64
    ],
    "s2c_len": [],
    "c2s_len": [
      64,
      64
    ],
    "Duration": 0.41205883026123047,
    "sess_t_inter": [
      0,
      0.41205883026123047
    ],
    "s2c_t_inter": [
      0
    ],
    "c2s_t_inter": [
      0,
      0.41205883026123047
    ]
  },
  "5": {
    "id": {
      "s_addr": "224.0.0.252",
      "c_addr": "131.202.240.87",
      "s_port": 5355,
      "c_port": 58818
    },
    "p_count": 2,
    "s2c_count": 0,
    "c2s_count": 2,
    "total_len": 128,
    "s2c_total_len": 0,
    "c2s_total_len": 128,
    "p_len": [
      64,
      64
    ],
    "s2c_len": [],
    "c2s_len": [
      64,
      64
    ],
    "Duration": 0.4123101234436035,
    "sess_t_inter": [
      0,
      0.4123101234436035
    ],
    "s2c_t_inter": [
      0
    ],
    "c2s_t_inter": [
      0,
      0.4123101234436035
    ]
  },
  "6": {
    "id": {
      "s_addr": "224.0.0.252",
      "c_addr": "131.202.240.87",
      "s_port": 5355,
      "c_port": 52713
    },
    "p_count": 2,
    "s2c_count": 0,
    "c2s_count": 2,
    "total_len": 128,
    "s2c_total_len": 0,
    "c2s_total_len": 128,
    "p_len": [
      64,
      64
    ],
    "s2c_len": [],
    "c2s_len": [
      64,
      64
    ],
    "Duration": 0.41193294525146484,
    "sess_t_inter": [
      0,
      0.41193294525146484
    ],
    "s2c_t_inter": [
      0
    ],
    "c2s_t_inter": [
      0,
      0.41193294525146484
    ]
  },
  "7": {
    "id": {
      "s_addr": "224.0.0.252",
      "c_addr": "131.202.240.87",
      "s_port": 5355,
      "c_port": 49679
    },
    "p_count": 2,
    "s2c_count": 0,
    "c2s_count": 2,
    "total_len": 128,
    "s2c_total_len": 0,
    "c2s_total_len": 128,
    "p_len": [
      64,
      64
    ],
    "s2c_len": [],
    "c2s_len": [
      64,
      64
    ],
    "Duration": 0.4117908477783203,
    "sess_t_inter": [
      0,
      0.4117908477783203
    ],
    "s2c_t_inter": [
      0
    ],
    "c2s_t_inter": [
      0,
      0.4117908477783203
    ]
  },
  "8": {
    "id": {
      "s_addr": "224.0.0.252",
      "c_addr": "131.202.240.87",
      "s_port": 5355,
      "c_port": 59447
    },
    "p_count": 2,
    "s2c_count": 0,
    "c2s_count": 2,
    "total_len": 128,
    "s2c_total_len": 0,
    "c2s_total_len": 128,
    "p_len": [
      64,
      64
    ],
    "s2c_len": [],
    "c2s_len": [
      64,
      64
    ],
    "Duration": 0.4111621379852295,
    "sess_t_inter": [
      0,
      0.4111621379852295
    ],
    "s2c_t_inter": [
      0
    ],
    "c2s_t_inter": [
      0,
      0.4111621379852295
    ]
  },
  "9": {
    "id": {
      "s_addr": "224.0.0.252",
      "c_addr": "131.202.240.87",
      "s_port": 5355,
      "c_port": 59876
    },
    "p_count": 2,
    "s2c_count": 0,
    "c2s_count": 2,
    "total_len": 128,
    "s2c_total_len": 0,
    "c2s_total_len": 128,
    "p_len": [
      64,
      64
    ],
    "s2c_len": [],
    "c2s_len": [
      64,
      64
    ],
    "Duration": 0.41127610206604004,
    "sess_t_inter": [
      0,
      0.41127610206604004
    ],
    "s2c_t_inter": [
      0
    ],
    "c2s_t_inter": [
      0,
      0.41127610206604004
    ]
  },
  "10": {
    "id": {
      "s_addr": "224.0.0.252",
      "c_addr": "131.202.240.87",
      "s_port": 5355,
      "c_port": 58738
    },
    "p_count": 2,
    "s2c_count": 0,
    "c2s_count": 2,
    "total_len": 128,
    "s2c_total_len": 0,
    "c2s_total_len": 128,
    "p_len": [
      64,
      64
    ],
    "s2c_len": [],
    "c2s_len": [
      64,
      64
    ],
    "Duration": 0.4109010696411133,
    "sess_t_inter": [
      0,
      0.4109010696411133
    ],
    "s2c_t_inter": [
      0
    ],
    "c2s_t_inter": [
      0,
      0.4109010696411133
    ]
  },
  "11": {
    "id": {
      "s_addr": "77.72.169.135",
      "c_addr": "131.202.240.87",
      "s_port": 11113,
      "c_port": 43302
    },
    "p_count": 4,
    "s2c_count": 2,
    "c2s_count": 2,
    "total_len": 379,
    "s2c_total_len": 169,
    "c2s_total_len": 210,
    "p_len": [
      150,
      60,
      109,
      60
    ],
    "s2c_len": [
      60,
      109
    ],