{
  "0": {
    "id": {
      "s_addr": "218.2.2.2",
      "c_addr": "192.168.0.105",
      "s_port": 53,
      "c_port": 53163
    },
    "p_count": 2,
    "s2c_count": 1,
    "c2s_count": 1,
    "total_len": 194,
    "s2c_total_len": 105,
    "c2s_total_len": 89,
    "p_len": [
      89,
      105
    ],
    "s2c_len": [
      105
    ],
    "c2s_len": [
      89
    ],
    "Duration": 0.013544082641601562,
    "sess_t_inter": [
      0,
      0.013544082641601562
    ],
    "s2c_t_inter": [
      0
    ],
    "c2s_t_inter": [
      0
    ]
  },
  "1": {
    "id": {
      "s_addr": "203.208.50.66",
      "c_addr": "192.168.0.105",
      "s_port": 443,
      "c_port": 53164
    },
    "p_count": 100,
    "s2c_count": 30,
    "c2s_count": 70,
    "total_len": 96862,
    "s2c_total_len": 3778,
    "c2s_total_len": 93084,
    "p_len": [
      1392,
      1392,
      75,
      1392,
      1392,
      1392,
      1392,
      1392,
      1392,
      1392,
      1392,
      1392,
      1392,
      1392,
      1392,
      1392,
      1392,
      1392,
      1392,
      1392,
      1392,
      1392,
      1392,
      1392,
      1392,
      1392,
      1392,
      1392,
      1392,
      1392,
      1392,
      1392,
      1392,
      1392,
      1392,
      1392,
      1392,
      1392,
      67,
      1392,
      1392,
      67,
      67,
      1392,
      1392,
      1392,
      1392,
      1392,
      1392,
      1392,
      1392,
      67,
      1392,
      1392,
      1392,
      1392,
      67,
      1392,
      1392,
      1392,
      1392,
      1392,
      1392,
      67,
      67,
      1392,
      1392,
      1392,
      1392,
      1392,
      1392,
      67,
      1392,
      1392,
      67,
      67,
      1392,
      1392,
      985,
      67,
      67,
      67,
      67,
      67,
      67,
      67,
      67,
      67,
      79,
      67,
      67,
      67,
      67,
      67,
      67,
      67,
      76,
      393,
      172,
      76
    ],
    "s2c_len": [
      1392,
      67,
      67,
      67,
      67,
      67,
      67,
      67,
      67,
      67,
      67,
      67,
      67,
      67,
      67,
      67,
      67,
      67,
      67,
      67,
      79,
      67,
      67,
      67,
      67,
      67,
      67,
      67,
      393,
      172
    ],
    "c2s_len": [
      1392,
      75,
      1392,
      1392,
      1392,
      1392,
      1392,
      1392,
      1392,
      1392,
      1392,
      1392,
      1392,
      1392,
      1392,
      1392,
      1392,
      1392,
      1392,
      1392,
      1392,
      1392,
      1392,
      1392,
      1392,
      1392,
      1392,
      1392,
      1392,
      1392,
      1392,
      1392,
      1392,
      1392,
      1392,
      1392,
      1392,
      1392,
      1392,
      1392,
      1392,
      1392,
      1392,
      1392,
      1392,
      1392,
      1392,
      1392,
      1392,
      1392,
      1392,
      1392,
      1392,
      1392,
      1392,
      1392,
      1392,
      1392,
      1392,
      1392,
      1392,
      1392,
      1392,
      1392,
      1392,
      1392,
      1392,
      985,
      76,
      76
    ],
    "Duration": 0.29780101776123047,
    "sess_t_inter": [
      0,
      0.09317994117736816,
      0.00038909912109375,
      0.000270843505859375,
      5.0067901611328125e-05,
      3.0040740966796875e-05,
      3.0040740966796875e-05,
      3.1948089599609375e-05,
      3.2901763916015625e-05,
      3.504753112792969e-05,
      5.698204040527344e-05,
      3.0994415283203125e-05,
      3.1948089599609375e-05,
      3.218650817871094e-05,
      3.2901763916015625e-05,
      0.0031299591064453125,
      5.1021575927734375e-05,
      0.0039789676666259766,
      7.700920104980469e-05,
      3.0994415283203125e-05,
      2.8133392333984375e-05,
      0.0048809051513671875,
      9.703636169433594e-05,
      0.0028989315032958984,
      9.703636169433594e-05,
      4.291534423828125e-05,
      3.814697265625e-05,
      0.0038318634033203125,
      0.0001010894775390625,
      0.003879070281982422,
      9.894371032714844e-05,
      4.1961669921875e-05,
      3.814697265625e-05,
      0.004814863204956055,
      9.107589721679688e-05,
      0.002871990203857422,
      7.987022399902344e-05,
      0.0029511451721191406,
      0.03267383575439453,
      0.00022411346435546875,
      8.606910705566406e-05,
      0.00047588348388671875,
      0.002257108688354492,
      9.584426879882812e-05,
      4.8160552978515625e-05,
      3.0994415283203125e-05,
      2.6941299438476562e-05,
      0.004271984100341797,
      0.00010991096496582031,
      4.601478576660156e-05,
      4.1961669921875e-05,
      0.0011670589447021484,
      0.0002410411834716797,
      9.989738464355469e-05,
      0.0022780895233154297,
      9.512901306152344e-05,
      5.3882598876953125e-05,
      3.0994415283203125e-06,
      5.4836273193359375e-05,
      0.002729177474975586,
      4.982948303222656e-05,
      3.0994415283203125e-05,
      2.7179718017578125e-05,
      0.000186920166015625,
      0.0,
      0.0037200450897216797,
      7.796287536621094e-05,
      4.506111145019531e-05,
      4.1961669921875e-05,
      4.1961669921875e-05,
      0.00014591217041015625,
      0.001332998275756836,
      0.0001289844512939453,
      5.412101745605469e-05,
      0.0025708675384521484,
      0.0,
      0.0001761913299560547,
      6.699562072753906e-05,
      3.981590270996094e-05,
      0.004842996597290039,
      0.002886056900024414,
      0.02772998809814453,
      0.007948160171508789,
      0.0033829212188720703,
      0.0009510517120361328,
      0.0039408206939697266,
      0.0005822181701660156,
      0.0026178359985351562,
      9.5367431640625e-07,
      0.0028350353240966797,
      0.0,
      0.0038051605224609375,
      0.0,
      0.0,
      0.001439809799194336,
      0.0030121803283691406,
      0.014424800872802734,
      0.032911062240600586,
      9.5367431640625e-07,
      0.0002541542053222656
    ],
    "s2c_t_inter": [
      0,
      0.06787991523742676,
      0.0007860660552978516,
      0.002257108688354492,
      0.005838871002197266,
      0.0027680397033691406,
      0.0030820369720458984,
      0.0,
      0.005405902862548828,
      0.0027539730072021484,
      0.0,
      0.005125999450683594,
      0.002886056900024414,
      0.02772998809814453,
      0.007948160171508789,
      0.0033829212188720703,
      0.0009510517120361328,
      0.0039408206939697266,
      0.0005822181701660156,
      0.0026178359985351562,
      9.5367431640625e-07,
      0.0028350353240966797,
      0.0,
      0.0038051605224609375,
      0.0,
      0.0,
      0.001439809799194336,
      0.0030121803283691406,
      0.04733586311340332,
      9.5367431640625e-07
    ],