{
  "0": {
    "id": {
      "s_addr": "140.82.114.25",
      "c_addr": "192.168.0.105",
      "s_port": 443,
      "c_port": 17114
    },
    "p_count": 12,
    "s2c_count": 3,
    "c2s_count": 9,
    "total_len": 759,
    "s2c_total_len": 227,
    "c2s_total_len": 532,
    "p_len": [
      55,
      95,
      99,
      54,
      78,
      54,
      54,
      54,
      54,
      54,
      54,
      54
    ],
    "s2c_len": [
      95,
      54,
      78
    ],
    "c2s_len": [
      55,
      99,
      54,
      54,
      54,
      54,
      54,
      54,
      54
    ],
    "Duration": 19.564785957336426,
    "sess_t_inter": [
      0,
      14.715971946716309,
      0.0001811981201171875,
      0.27358293533325195,
      9.5367431640625e-07,
      3.0994415283203125e-05,
      5.793571472167969e-05,
      0.00012803077697753906,
      0.353909969329834,
      0.6093361377716064,
      1.2055399417877197,
      2.406045913696289
    ],
    "s2c_t_inter": [
      0,
      0.27376413345336914,
      9.5367431640625e-07
    ],
    "c2s_t_inter": [
      0,
      14.716153144836426,
      0.27361488342285156,
      5.793571472167969e-05,
      0.00012803077697753906,
      0.353909969329834,
      0.6093361377716064,
      1.2055399417877197,
      2.406045913696289
    ]
  },
  "1": {
    "id": {
      "s_addr": "203.208.50.98",
      "c_addr": "192.168.0.105",
      "s_port": 443,
      "c_port": 17435
    },
    "p_count": 6,
    "s2c_count": 3,
    "c2s_count": 3,
    "total_len": 337,
    "s2c_total_len": 174,
    "c2s_total_len": 163,
    "p_len": [
      55,
      66,
      54,
      54,
      54,
      54
    ],
    "s2c_len": [
      66,
      54,
      54
    ],
    "c2s_len": [
      55,
      54,
      54
    ],
    "Duration": 14.834718942642212,
    "sess_t_inter": [
      0,
      0.028280973434448242,
      14.777801036834717,
      4.100799560546875e-05,
      0.00015997886657714844,
      0.028435945510864258
    ],
    "s2c_t_inter": [
      0,
      14.777801036834717,
      0.028636932373046875
    ],
    "c2s_t_inter": [
      0,
      14.80612301826477,
      0.00015997886657714844
    ]
  },
  "2": {
    "id": {
      "s_addr": "64.233.188.188",
      "c_addr": "192.168.0.105",
      "s_port": 443,
      "c_port": 16774
    },
    "p_count": 2,
    "s2c_count": 1,
    "c2s_count": 1,
    "total_len": 121,
    "s2c_total_len": 66,
    "c2s_total_len": 55,
    "p_len": [
      55,
      66
    ],
    "s2c_len": [
      66
    ],
    "c2s_len": [
      55
    ],
    "Duration": 0.06878495216369629,
    "sess_t_inter": [
      0,
      0.06878495216369629
    ],
    "s2c_t_inter": [
      0
    ],
    "c2s_t_inter": [
      0
    ]
  },
  "3": {
    "id": {
      "s_addr": "140.82.114.26",
      "c_addr": "192.168.0.105",
      "s_port": 443,
      "c_port": 17558
    },
    "p_count": 19,
    "s2c_count": 8,
    "c2s_count": 11,
    "total_len": 7008,
    "s2c_total_len": 4718,
    "c2s_total_len": 2290,
    "p_len": [
      66,
      66,
      54,
      571,
      1490,
      688,
      66,
      66,
      1490,
      54,
      118,
      929,
      133,
      133,
      54,
      591,
      258,
      127,
      54
    ],
    "s2c_len": [
      66,
      1490,
      688,
      1490,
      133,
      133,
      591,
      127
    ],
    "c2s_len": [
      66,
      54,
      571,
      66,
      66,
      54,
      118,
      929,
      54,
      258,
      54
    ],
    "Duration": 1.483180046081543,
    "sess_t_inter": [
      0,
      0.2681310176849365,
      0.00019884109497070312,
      0.00031304359436035156,
      0.27025794982910156,
      1.1920928955078125e-06,
      3.695487976074219e-05,
      4.100799560546875e-05,
      0.3450610637664795,
      4.696846008300781e-05,
      0.004133939743041992,
      0.0002639293670654297,
      0.26883602142333984,
      0.0,
      7.200241088867188e-05,
      0.00164794921875,
      0.0011930465698242188,
      0.2693979740142822,
      0.05354714393615723
    ],
    "s2c_t_inter": [
      0,
      0.2707698345184326,
      1.1920928955078125e-06,
      0.3451390266418457,
      0.2732808589935303,
      0.0,
      0.0017199516296386719,
      0.27059102058410645
    ],
    "c2s_t_inter": [
      0,
      0.2683298587799072,
      0.00031304359436035156,
      0.2702960968017578,
      4.100799560546875e-05,
      0.3451080322265625,
      0.004133939743041992,
      0.0002639293670654297,
      0.2689080238342285,
      0.0028409957885742188,
      0.32294511795043945
    ]
  },
  "4": {
    "id": {
      "s_addr": "61.151.165.0",
      "c_addr": "192.168.0.105",
      "s_port": 8080,
      "c_port": 14616
    },
    "p_count": 9,
    "s2c_count": 5,
    "c2s_count": 4,
    "total_len": 4246,
    "s2c_total_len": 3320,
    "c2s_total_len": 926,
    "p_len": [
      95,
      409,
      594,
      54,
      95,
      409,
      1494,
      1042,
      54
    ],
    "s2c_len": [
      95,
      594,
      95,
      1494,
      1042
    ],
    "c2s_len": [
      409,
      54,
      409,
      54
    ],
    "Duration": 0.8576540946960449,
    "sess_t_inter": [
      0,
      0.0046539306640625,
      0.037275075912475586,
      0.047434091567993164,
      0.712838888168335,
      0.004369020462036133,
      0.05054497718811035,
      0.0005161762237548828,
      2.193450927734375e-05
    ],
    "s2c_t_inter": [
      0,
      0.041929006576538086,
      0.7602729797363281,
      0.054913997650146484,
      0.0005161762237548828
    ],
    "c2s_t_inter": [
      0,
      0.08470916748046875,
      0.7172079086303711,
      0.05108308792114258
    ]
  },
  "5": {
    "id": {
      "s_addr": "101.226.49.144",
      "c_addr": "192.168.0.105",
      "s_port": 80,
      "c_port": 17559
    },
    "p_count": 10,
    "s2c_count": 5,
    "c2s_count": 5,
    "total_len": 1977,
    "s2c_total_len": 948,
    "c2s_total_len": 1029,
    "p_len": [
      66,
      66,
      54,
      801,
      54,
      720,
      54,
      54,
      54,
      54
    ],
    "s2c_len": [
      66,
      54,
      720,
      54,
      54
    ],
    "c2s_len": [
      66,
      54,
      801,
      54,
      54
    ],
    "Duration": 0.10263609886169434,
    "sess_t_inter": [
      0,
      0.017015933990478516,
      0.00017213821411132812,
      0.0007669925689697266,
      0.01718902587890625,
      0.05033397674560547,
      9.5367431640625e-07,
      4.887580871582031e-05,
      0.0005400180816650391,
      0.01656818389892578
    ],
    "s2c_t_inter": [
      0,
      0.018128156661987305,
      0.05033397674560547,
      9.5367431640625e-07,
      0.01715707778930664
    ],
    "c2s_t_inter": [
      0,
      0.017188072204589844,
      0.0007669925689697266,
      0.06757283210754395,
      0.0005400180816650391
    ]
  },
  "6": {
    "id": {
      "s_addr": "180.163.25.235",
      "c_addr": "192.168.0.105",
      "s_port": 80,
      "c_port": 17560
    },
    "p_count": 17,
    "s2c_count": 10,
    "c2s_count": 7,
    "total_len": 10492,
    "s2c_total_len": 9941,
    "c2s_total_len": 551,
    "p_len": [
      66,
      66,
      54,
      215,
      54,
      1494,
      1494,
      1494,
      1494,
      1494,
      54,
      1494,
      803,
      54,
      54,
      54,
      54
    ],
    "s2c_len": [
      66,
      54,
      1494,
      1494,
      1494,
      1494,
      1494,
      1494,
      803,
      54
    ],
    "c2s_len": [
      66,
      54,
      215,
      54,
      54,
      54,
      54
    ],
    "Duration": 0.05920600891113281,
    "sess_t_inter": [
      0,
      0.017539024353027344,
      0.0002300739288330078,
      8.702278137207031e-05,
      0.018719911575317383,
      0.004380941390991211,
      0.0003120899200439453,
      0.0,
      9.5367431640625e-07,
      0.0,
      3.0040740966796875e-05,
      0.0006549358367919922,
      9.5367431640625e-07,
      2.2172927856445312e-05,
      8.988380432128906e-05,
      0.017093896865844727,
      4.410743713378906e-05
    ],